Severity,Type,Code,File,Message,Source,Line,Time,
Warning,Unspecified,,BingMaps/rest-services/imagery/get-a-static-map.md,The content part of NOTE/WARNING/CAUTION/IMPORTANT/NEXT syntax is suggested to start in a new line.,BuildCore.Build Document.CompilePhaseHandlerWithIncremental.ConceptualDocumentProcessor.Build.BuildConceptualDocument,21,2018-11-27T19:57:13.1991203Z,
Warning,Unspecified,,BingMaps/v8-web-control/modules/search-module/geocoderesult-object.md,Invalid file link:(~/v8-web-control/modules/v8-web-control/placeresult-object.md).,BuildCore.Build Document.LinkPhaseHandlerWithIncremental.ConceptualDocumentProcessor.Save,23,2018-11-27T19:57:13.3553662Z,
Warning,Unspecified,,BingMaps/v8-web-control/modules/search-module/geocoderequestoptions-object.md,Invalid file link:(~/v8-web-control/modules/v8-web-control/geocoderequestoptions-object.md).,BuildCore.Build Document.LinkPhaseHandlerWithIncremental.ConceptualDocumentProcessor.Save,24,2018-11-27T19:57:13.3553662Z,
Warning,Unspecified,,BingMaps/v8-web-control/modules/search-module/geocoderequestoptions-object.md,Invalid file link:(~/v8-web-control/modules/v8-web-control/geocoderesult-object.md).,BuildCore.Build Document.LinkPhaseHandlerWithIncremental.ConceptualDocumentProcessor.Save,22,2018-11-27T19:57:13.3553662Z,
Warning,Unspecified,,BingMaps/v8-web-control/modules/search-module/geocoderequestoptions-object.md,Invalid file link:(~/v8-web-control/modules/search-module/map-control-api/locationrect-class.md).,BuildCore.Build Document.LinkPhaseHandlerWithIncremental.ConceptualDocumentProcessor.Save,21,2018-11-27T19:57:13.3553662Z,
Warning,Unspecified,,BingMaps/v8-web-control/modules/search-module/searchmanager-class.md,Invalid file link:(~/v8-web-control/modules/search-module/map-control-api/map-class.md).,BuildCore.Build Document.LinkPhaseHandlerWithIncremental.ConceptualDocumentProcessor.Save,22,2018-11-27T19:57:13.3553662Z,
Warning,Unspecified,,BingMaps/v8-web-control/modules/search-module/searchmanager-class.md,Invalid file link:(~/v8-web-control/modules/v8-web-control/geocoderequestoptions-object.md).,BuildCore.Build Document.LinkPhaseHandlerWithIncremental.ConceptualDocumentProcessor.Save,30,2018-11-27T19:57:13.3553662Z,
Warning,Unspecified,,BingMaps/v8-web-control/modules/search-module/searchmanager-class.md,Invalid file link:(~/v8-web-control/modules/v8-web-control/reversegeocoderequestoptions-object.md).,BuildCore.Build Document.LinkPhaseHandlerWithIncremental.ConceptualDocumentProcessor.Save,31,2018-11-27T19:57:13.3553662Z,
Warning,Unspecified,,BingMaps/v8-web-control/modules/search-module/reversegeocoderequestoptions-object.md,Invalid file link:(~/v8-web-control/modules/v8-web-control/placeresult-object.md).,BuildCore.Build Document.LinkPhaseHandlerWithIncremental.ConceptualDocumentProcessor.Save,21,2018-11-27T19:57:13.3553662Z,
Warning,Unspecified,,BingMaps/v8-web-control/modules/search-module/reversegeocoderequestoptions-object.md,Invalid file link:(~/v8-web-control/modules/v8-web-control/placeresult-object.md).,BuildCore.Build Document.LinkPhaseHandlerWithIncremental.ConceptualDocumentProcessor.Save,21,2018-11-27T19:57:13.3553662Z,
Warning,Unspecified,,BingMaps/v8-web-control/modules/search-module/reversegeocoderequestoptions-object.md,Invalid file link:(~/v8-web-control/modules/search-module/map-control-api/location-class.md).,BuildCore.Build Document.LinkPhaseHandlerWithIncremental.ConceptualDocumentProcessor.Save,26,2018-11-27T19:57:13.3553662Z,
Warning,Unspecified,,BingMaps/v8-web-control/modules/search-module/reversegeocoderequestoptions-object.md,Invalid file link:(~/v8-web-control/modules/v8-web-control/reversegeocoderequestoptions-object.md).,BuildCore.Build Document.LinkPhaseHandlerWithIncremental.ConceptualDocumentProcessor.Save,22,2018-11-27T19:57:13.3553662Z,
Warning,Unspecified,,BingMaps/v8-web-control/modules/search-module/placeresult-object.md,Invalid file link:(~/v8-web-control/modules/v8-web-control/matchcode-enumeration.md).,BuildCore.Build Document.LinkPhaseHandlerWithIncremental.ConceptualDocumentProcessor.Save,28,2018-11-27T19:57:13.3553662Z,
Warning,Unspecified,,BingMaps/v8-web-control/modules/search-module/placeresult-object.md,Invalid file link:(~/v8-web-control/modules/search-module/modules/autosuggest-module/address-object.md).,BuildCore.Build Document.LinkPhaseHandlerWithIncremental.ConceptualDocumentProcessor.Save,23,2018-11-27T19:57:13.3553662Z,
Warning,Unspecified,,BingMaps/v8-web-control/modules/search-module/placeresult-object.md,Invalid file link:(~/v8-web-control/modules/v8-web-control/geocodelocation-object.md).,BuildCore.Build Document.LinkPhaseHandlerWithIncremental.ConceptualDocumentProcessor.Save,27,2018-11-27T19:57:13.3553662Z,
Warning,Unspecified,,BingMaps/v8-web-control/modules/search-module/placeresult-object.md,Invalid file link:(~/v8-web-control/modules/rest-services/locations/location-data.md).,BuildCore.Build Document.LinkPhaseHandlerWithIncremental.ConceptualDocumentProcessor.Save,29,2018-11-27T19:57:13.3553662Z,
Warning,Unspecified,,BingMaps/v8-web-control/modules/search-module/placeresult-object.md,Invalid file link:(~/v8-web-control/modules/v8-web-control/matchconfidence-enumeration.md).,BuildCore.Build Document.LinkPhaseHandlerWithIncremental.ConceptualDocumentProcessor.Save,29,2018-11-27T19:57:13.3553662Z,
Warning,Unspecified,,BingMaps/v8-web-control/modules/search-module/placeresult-object.md,Invalid file link:(~/v8-web-control/modules/search-module/map-control-api/location-class.md).,BuildCore.Build Document.LinkPhaseHandlerWithIncremental.ConceptualDocumentProcessor.Save,26,2018-11-27T19:57:13.3553662Z,
Warning,Unspecified,,BingMaps/v8-web-control/modules/search-module/placeresult-object.md,Invalid file link:(~/v8-web-control/modules/search-module/map-control-api/locationrect-class.md).,BuildCore.Build Document.LinkPhaseHandlerWithIncremental.ConceptualDocumentProcessor.Save,24,2018-11-27T19:57:13.3553662Z,
Warning,Unspecified,,BingMaps/v8-web-control/modules/search-module/matchconfidence-enumeration.md,Invalid file link:(~/v8-web-control/modules/rest-services/locations/index.md).,BuildCore.Build Document.LinkPhaseHandlerWithIncremental.ConceptualDocumentProcessor.Save,26,2018-11-27T19:57:13.3553662Z,
Warning,Unspecified,,BingMaps/v8-web-control/modules/search-module/matchcode-enumeration.md,Invalid file link:(~/v8-web-control/modules/rest-services/locations/index.md).,BuildCore.Build Document.LinkPhaseHandlerWithIncremental.ConceptualDocumentProcessor.Save,27,2018-11-27T19:57:13.3553662Z,
Warning,Unspecified,,BingMaps/v8-web-control/TOC.yml,Invalid file link:(~/v8-web-control/map-control-concepts/map-shapes-polylines-and-polygons/polygon-events.md).,BuildCore.Build Document.LinkPhaseHandlerWithIncremental.TocDocumentProcessor.Save,,2018-11-27T19:57:13.3553662Z,
Warning,Unspecified,,BingMaps/v8-web-control/TOC.yml,Invalid file link:(~/v8-web-control/modules/directions-module/routeavoidance-enumeration.md).,BuildCore.Build Document.LinkPhaseHandlerWithIncremental.TocDocumentProcessor.Save,,2018-11-27T19:57:13.3553662Z,
Warning,Unspecified,,BingMaps/v8-web-control/TOC.yml,Invalid file link:(~/v8-web-control/map-control-concepts/search-module-examples/index.md).,BuildCore.Build Document.LinkPhaseHandlerWithIncremental.TocDocumentProcessor.Save,,2018-11-27T19:57:13.3553662Z,
Warning,Unspecified,,BingMaps/v8-web-control/TOC.yml,Invalid file link:(~/v8-web-control/map-control-concepts/pushpins/pushpin-events-example.md).,BuildCore.Build Document.LinkPhaseHandlerWithIncremental.TocDocumentProcessor.Save,,2018-11-27T19:57:13.3709883Z,
Warning,Unspecified,,BingMaps/v8-web-control/TOC.yml,Invalid file link:(~/v8-web-control/modules/directions-module/routeleg-object.md).,BuildCore.Build Document.LinkPhaseHandlerWithIncremental.TocDocumentProcessor.Save,,2018-11-27T19:57:13.3709883Z,
Warning,Unspecified,,BingMaps/v8-web-control/TOC.yml,Invalid file link:(~/v8-web-control/map-control-concepts/drawing-tools-module-examples/index.md).,BuildCore.Build Document.LinkPhaseHandlerWithIncremental.TocDocumentProcessor.Save,,2018-11-27T19:57:13.3709883Z,
Warning,Unspecified,,BingMaps/v8-web-control/map-control-concepts/spatial-data-services-module-examples/query-api/index.md,Invalid file link:(~/v8-web-control/map-control-concepts/spatial-data-services-module-examples/spatial-data-services/query-api.md).,BuildCore.Build Document.LinkPhaseHandlerWithIncremental.ConceptualDocumentProcessor.Save,17,2018-11-27T19:57:14.3866371Z,
Warning,Unspecified,,BingMaps/v8-web-control/modules/directions-module/vehiclespec-object.md,Invalid file link:(~/v8-web-control/modules/rest-services/routes/calculate-a-truck-route.md).,BuildCore.Build Document.LinkPhaseHandlerWithIncremental.ConceptualDocumentProcessor.Save,66,2018-11-27T19:57:14.3866371Z,
Warning,Unspecified,,BingMaps/v8-web-control/modules/spatial-data-service-module/geodataresult-object.md,Invalid file link:(~/v8-web-control/modules/spatial-data-services/geodata-api.md).,BuildCore.Build Document.LinkPhaseHandlerWithIncremental.ConceptualDocumentProcessor.Save,17,2018-11-27T19:57:14.3866371Z,
Warning,Unspecified,,BingMaps/v8-web-control/modules/spatial-data-service-module/geodataresultset-object.md,Invalid file link:(~/v8-web-control/modules/spatial-data-services/geodata-api.md).,BuildCore.Build Document.LinkPhaseHandlerWithIncremental.ConceptualDocumentProcessor.Save,17,2018-11-27T19:57:14.3866371Z,
Warning,Unspecified,,BingMaps/v8-web-control/modules/spatial-data-service-module/geodataresultset-object.md,Invalid file link:(~/v8-web-control/modules/spatial-data-services/geodata-api.md).,BuildCore.Build Document.LinkPhaseHandlerWithIncremental.ConceptualDocumentProcessor.Save,23,2018-11-27T19:57:14.3866371Z,
Warning,Unspecified,,BingMaps/includes/get-bing-map-key-note.md,Invalid file link:(~/getting-started/getting-a-bing-maps-key.md).,BuildCore.Build Document.LinkPhaseHandlerWithIncremental.ConceptualDocumentProcessor.Save,3,2018-11-27T19:57:14.3866371Z,
Warning,Unspecified,,BingMaps/includes/get-bing-map-key-note.md,Invalid file link:(~/getting-started/getting-a-bing-maps-key.md).,BuildCore.Build Document.LinkPhaseHandlerWithIncremental.ConceptualDocumentProcessor.Save,3,2018-11-27T19:57:14.3866371Z,
Warning,Unspecified,,BingMaps/includes/get-bing-map-key-note.md,Invalid file link:(~/getting-started/getting-a-bing-maps-key.md).,BuildCore.Build Document.LinkPhaseHandlerWithIncremental.ConceptualDocumentProcessor.Save,3,2018-11-27T19:57:14.4022378Z,
Warning,Unspecified,,BingMaps/includes/get-bing-map-key-note.md,Invalid file link:(~/getting-started/getting-a-bing-maps-key.md).,BuildCore.Build Document.LinkPhaseHandlerWithIncremental.ConceptualDocumentProcessor.Save,3,2018-11-27T19:57:14.4022378Z,
Warning,Unspecified,,BingMaps/includes/get-bing-map-key-note.md,Invalid file link:(~/getting-started/getting-a-bing-maps-key.md).,BuildCore.Build Document.LinkPhaseHandlerWithIncremental.ConceptualDocumentProcessor.Save,3,2018-11-27T19:57:14.4022378Z,
Warning,Unspecified,,BingMaps/includes/get-bing-map-key-note.md,Invalid file link:(~/getting-started/getting-a-bing-maps-key.md).,BuildCore.Build Document.LinkPhaseHandlerWithIncremental.ConceptualDocumentProcessor.Save,3,2018-11-27T19:57:14.4022378Z,
Warning,Unspecified,,BingMaps/includes/get-bing-map-key-note.md,Invalid file link:(~/getting-started/getting-a-bing-maps-key.md).,BuildCore.Build Document.LinkPhaseHandlerWithIncremental.ConceptualDocumentProcessor.Save,3,2018-11-27T19:57:14.4022378Z,
Warning,Unspecified,,BingMaps/includes/get-bing-map-key-note.md,Invalid file link:(~/getting-started/getting-a-bing-maps-key.md).,BuildCore.Build Document.LinkPhaseHandlerWithIncremental.ConceptualDocumentProcessor.Save,3,2018-11-27T19:57:14.4022378Z,
Warning,Unspecified,,BingMaps/includes/get-bing-map-key-note.md,Invalid file link:(~/getting-started/getting-a-bing-maps-key.md).,BuildCore.Build Document.LinkPhaseHandlerWithIncremental.ConceptualDocumentProcessor.Save,3,2018-11-27T19:57:14.4022378Z,
Warning,Unspecified,,BingMaps/includes/get-bing-map-key-note.md,Invalid file link:(~/getting-started/getting-a-bing-maps-key.md).,BuildCore.Build Document.LinkPhaseHandlerWithIncremental.ConceptualDocumentProcessor.Save,3,2018-11-27T19:57:14.4022378Z,
Warning,Unspecified,,BingMaps/includes/get-bing-map-key-note.md,Invalid file link:(~/getting-started/getting-a-bing-maps-key.md).,BuildCore.Build Document.LinkPhaseHandlerWithIncremental.ConceptualDocumentProcessor.Save,3,2018-11-27T19:57:14.4022378Z,
Warning,Unspecified,,BingMaps/includes/get-bing-map-key-note.md,Invalid file link:(~/getting-started/getting-a-bing-maps-key.md).,BuildCore.Build Document.LinkPhaseHandlerWithIncremental.ConceptualDocumentProcessor.Save,3,2018-11-27T19:57:14.4022378Z,
Warning,Unspecified,,BingMaps/includes/get-bing-map-key-note.md,Invalid file link:(~/getting-started/getting-a-bing-maps-key.md).,BuildCore.Build Document.LinkPhaseHandlerWithIncremental.ConceptualDocumentProcessor.Save,3,2018-11-27T19:57:14.4022378Z,
Warning,Unspecified,,BingMaps/includes/get-bing-map-key-note.md,Invalid file link:(~/getting-started/getting-a-bing-maps-key.md).,BuildCore.Build Document.LinkPhaseHandlerWithIncremental.ConceptualDocumentProcessor.Save,3,2018-11-27T19:57:14.4022378Z,
Warning,Unspecified,,BingMaps/includes/get-bing-map-key-note.md,Invalid file link:(~/getting-started/getting-a-bing-maps-key.md).,BuildCore.Build Document.LinkPhaseHandlerWithIncremental.ConceptualDocumentProcessor.Save,3,2018-11-27T19:57:14.4022378Z,
Warning,Unspecified,,BingMaps/includes/get-bing-map-key-note.md,Invalid file link:(~/getting-started/getting-a-bing-maps-key.md).,BuildCore.Build Document.LinkPhaseHandlerWithIncremental.ConceptualDocumentProcessor.Save,3,2018-11-27T19:57:14.4022378Z,
Warning,Unspecified,,BingMaps/includes/get-bing-map-key-note.md,Invalid file link:(~/getting-started/getting-a-bing-maps-key.md).,BuildCore.Build Document.LinkPhaseHandlerWithIncremental.ConceptualDocumentProcessor.Save,3,2018-11-27T19:57:14.4022378Z,
Warning,Unspecified,,BingMaps/spatial-data-services/release-history.md,Invalid file link:(~/spatial-data-services/make-public-data-source.md).,BuildCore.Build Document.LinkPhaseHandlerWithIncremental.ConceptualDocumentProcessor.Save,24,2018-11-27T19:57:14.4022378Z,
Warning,Unspecified,,BingMaps/spatial-data-services/release-history.md,Invalid file link:(~/spatial-data-services/make-public-data-source.md).,BuildCore.Build Document.LinkPhaseHandlerWithIncremental.ConceptualDocumentProcessor.Save,24,2018-11-27T19:57:14.4022378Z,
Warning,Unspecified,,BingMaps/spatial-data-services/whats-new-in-bing-spatial-data-services.md,Invalid file link:(~/spatial-data-services/make-public-data-source.md).,BuildCore.Build Document.LinkPhaseHandlerWithIncremental.ConceptualDocumentProcessor.Save,45,2018-11-27T19:57:14.4022378Z,
Warning,Unspecified,,BingMaps/v8-web-control/map-control-concepts/map-shapes-polylines-and-polygons/basic-polyline-example.md,Invalid file link:(~/v8-web-control/map-control-concepts/media/bmv8-basicpolylineexample.png).,BuildCore.Build Document.LinkPhaseHandlerWithIncremental.ConceptualDocumentProcessor.Save,55,2018-11-27T19:57:14.4022378Z,
Warning,Unspecified,,BingMaps/v8-web-control/map-control-concepts/map-shapes-polylines-and-polygons/index.md,Invalid file link:(~/v8-web-control/map-control-concepts/v8-web-control/polygon-events.md).,BuildCore.Build Document.LinkPhaseHandlerWithIncremental.ConceptualDocumentProcessor.Save,25,2018-11-27T19:57:14.4022378Z,
Warning,Unspecified,,BingMaps/v8-web-control/map-control-concepts/map-shapes-polylines-and-polygons/polygons-with-holes-example.md,Invalid file link:(~/v8-web-control/map-control-concepts/media/bmv8-polygonwithholeexample.png).,BuildCore.Build Document.LinkPhaseHandlerWithIncremental.ConceptualDocumentProcessor.Save,71,2018-11-27T19:57:14.4022378Z,
Warning,Unspecified,,BingMaps/v8-web-control/map-control-concepts/map-shapes-polylines-and-polygons/polyline-events.md,Invalid file link:(~/v8-web-control/map-control-concepts/media/bmv8-polylineevents.png).,BuildCore.Build Document.LinkPhaseHandlerWithIncremental.ConceptualDocumentProcessor.Save,69,2018-11-27T19:57:14.4022378Z,
Warning,Unspecified,,BingMaps/v8-web-control/map-control-concepts/search-module-examples/basic-geocode-example.md,Invalid file link:(~/v8-web-control/map-control-concepts/media/bmv8-basicgecodeexample.png).,BuildCore.Build Document.LinkPhaseHandlerWithIncremental.ConceptualDocumentProcessor.Save,78,2018-11-27T19:57:14.4022378Z,
Warning,Unspecified,,BingMaps/v8-web-control/map-control-concepts/search-module-examples/basic-reverse-geocode-example.md,Invalid file link:(~/v8-web-control/map-control-concepts/media/bmv8-reversegeocodeexample.png).,BuildCore.Build Document.LinkPhaseHandlerWithIncremental.ConceptualDocumentProcessor.Save,75,2018-11-27T19:57:14.4022378Z,
Warning,Unspecified,,BingMaps/v8-web-control/map-control-concepts/search-module-examples/search-module-examples.md,Invalid file link:(~/v8-web-control/map-control-concepts/v8-web-control/matchconfidence-enumeration.md).,BuildCore.Build Document.LinkPhaseHandlerWithIncremental.ConceptualDocumentProcessor.Save,32,2018-11-27T19:57:14.4022378Z,
Warning,Unspecified,,BingMaps/v8-web-control/map-control-concepts/search-module-examples/search-module-examples.md,Invalid file link:(~/v8-web-control/map-control-concepts/v8-web-control/placeresult-object.md).,BuildCore.Build Document.LinkPhaseHandlerWithIncremental.ConceptualDocumentProcessor.Save,33,2018-11-27T19:57:14.4022378Z,
Warning,Unspecified,,BingMaps/v8-web-control/map-control-concepts/search-module-examples/search-module-examples.md,Invalid file link:(~/v8-web-control/map-control-concepts/v8-web-control/reversegeocoderequestoptions-object.md).,BuildCore.Build Document.LinkPhaseHandlerWithIncremental.ConceptualDocumentProcessor.Save,34,2018-11-27T19:57:14.4022378Z,
Warning,Unspecified,,BingMaps/v8-web-control/map-control-concepts/search-module-examples/search-module-examples.md,Invalid file link:(~/v8-web-control/map-control-concepts/v8-web-control/geocoderequestoptions-object.md).,BuildCore.Build Document.LinkPhaseHandlerWithIncremental.ConceptualDocumentProcessor.Save,29,2018-11-27T19:57:14.4022378Z,
Warning,Unspecified,,BingMaps/v8-web-control/map-control-concepts/search-module-examples/search-module-examples.md,Invalid file link:(~/v8-web-control/map-control-concepts/v8-web-control/geocoderesult-object.md).,BuildCore.Build Document.LinkPhaseHandlerWithIncremental.ConceptualDocumentProcessor.Save,30,2018-11-27T19:57:14.4022378Z,
Warning,Unspecified,,BingMaps/v8-web-control/map-control-concepts/search-module-examples/search-module-examples.md,Invalid file link:(~/v8-web-control/map-control-concepts/v8-web-control/matchcode-enumeration.md).,BuildCore.Build Document.LinkPhaseHandlerWithIncremental.ConceptualDocumentProcessor.Save,31,2018-11-27T19:57:14.4022378Z,
Warning,Unspecified,,BingMaps/v8-web-control/map-control-concepts/search-module-examples/search-module-examples.md,Invalid file link:(~/v8-web-control/map-control-concepts/v8-web-control/searchmanager-class.md).,BuildCore.Build Document.LinkPhaseHandlerWithIncremental.ConceptualDocumentProcessor.Save,35,2018-11-27T19:57:14.4022378Z,
Warning,Unspecified,,BingMaps/v8-web-control/map-control-concepts/search-module-examples/user-input-geocode-example.md,Invalid file link:(~/v8-web-control/map-control-concepts/media/bmv8-geocodeuserinputexample.png).,BuildCore.Build Document.LinkPhaseHandlerWithIncremental.ConceptualDocumentProcessor.Save,114,2018-11-27T19:57:14.4022378Z,
Warning,Unspecified,,BingMaps/getting-started/bing-maps-api-best-practices.md,Invalid file link:(~/getting-started/understanding-bing-maps-transactions.md).,BuildCore.Build Document.LinkPhaseHandlerWithIncremental.ConceptualDocumentProcessor.Save,192,2018-11-27T19:57:14.4022378Z,
Warning,Unspecified,,BingMaps/getting-started/bing-maps-dev-center-help/getting-a-bing-maps-key.md,Invalid file link:(~/getting-started/rest-services/index.md).,BuildCore.Build Document.LinkPhaseHandlerWithIncremental.ConceptualDocumentProcessor.Save,19,2018-11-27T19:57:14.4022378Z,
Warning,Unspecified,,BingMaps/getting-started/bing-maps-dev-center-help/index.md,Invalid file link:(~/getting-started/bing-maps-dev-center-help/geocoding-and-managing-data-sources.md).,BuildCore.Build Document.LinkPhaseHandlerWithIncremental.ConceptualDocumentProcessor.Save,29,2018-11-27T19:57:14.4022378Z,
Warning,Unspecified,,BingMaps/getting-started/bing-maps-dev-center-help/geocoding-and-managing-data-sources/editing-a-data-source.md,Invalid file link:(~/getting-started/bing-maps-dev-center-help/spatial-data-services/geocode-and-data-source-limits.md).,BuildCore.Build Document.LinkPhaseHandlerWithIncremental.ConceptualDocumentProcessor.Save,23,2018-11-27T19:57:14.4022378Z,
Warning,Unspecified,,BingMaps/getting-started/bing-maps-dev-center-help/geocoding-and-managing-data-sources/index.md,Invalid file link:(~/getting-started/bing-maps-dev-center-help/spatial-data-services/geocode-and-data-source-limits.md).,BuildCore.Build Document.LinkPhaseHandlerWithIncremental.ConceptualDocumentProcessor.Save,29,2018-11-27T19:57:14.4022378Z,
Warning,Unspecified,,BingMaps/getting-started/bing-maps-dev-center-help/geocoding-and-managing-data-sources/index.md,Invalid file link:(~/getting-started/bing-maps-dev-center-help/spatial-data-services/geocode-and-data-source-limits.md).,BuildCore.Build Document.LinkPhaseHandlerWithIncremental.ConceptualDocumentProcessor.Save,32,2018-11-27T19:57:14.4022378Z,
Warning,Unspecified,,BingMaps/getting-started/bing-maps-dev-center-help/geocoding-and-managing-data-sources/making-a-data-source-public-or-private.md,Invalid file link:(~/getting-started/bing-maps-dev-center-help/spatial-data-services/geocode-and-data-source-limits.md).,BuildCore.Build Document.LinkPhaseHandlerWithIncremental.ConceptualDocumentProcessor.Save,21,2018-11-27T19:57:14.4022378Z,
Warning,Unspecified,,BingMaps/spatial-data-services/data-source-management-api/make-public-data-source.md,Invalid file link:(~/spatial-data-services/data-source-management-api/data-source-management-api/get-data-source-information.md).,BuildCore.Build Document.LinkPhaseHandlerWithIncremental.ConceptualDocumentProcessor.Save,66,2018-11-27T19:57:14.4022378Z,
Warning,Unspecified,,BingMaps/spatial-data-services/data-source-management-api/make-public-data-source.md,Invalid file link:(~/spatial-data-services/data-source-management-api/data-source-management-api/download-data-source-dataflow/download-data-source-dataflow-response-description.md).,BuildCore.Build Document.LinkPhaseHandlerWithIncremental.ConceptualDocumentProcessor.Save,55,2018-11-27T19:57:14.4022378Z,
Warning,Unspecified,,BingMaps/spatial-data-services/geocode-dataflow-api/geocode-dataflow-data-schema-version-1-0.md,Invalid file link:(~/spatial-data-services/rest-services/common-parameters-and-types/location-and-area-types.md).,BuildCore.Build Document.LinkPhaseHandlerWithIncremental.ConceptualDocumentProcessor.Save,217,2018-11-27T19:57:14.4022378Z,
Warning,Unspecified,,BingMaps/spatial-data-services/geocode-dataflow-api/geocode-dataflow-data-schema-version-1-0.md,Invalid file link:(~/spatial-data-services/rest-services/common-parameters-and-types/location-and-area-types.md).,BuildCore.Build Document.LinkPhaseHandlerWithIncremental.ConceptualDocumentProcessor.Save,218,2018-11-27T19:57:14.4022378Z,
Warning,Unspecified,,BingMaps/spatial-data-services/geocode-dataflow-api/geocode-dataflow-data-schema-version-2-0.md,Invalid file link:(~/spatial-data-services/rest-services/common-parameters-and-types/location-and-area-types.md).,BuildCore.Build Document.LinkPhaseHandlerWithIncremental.ConceptualDocumentProcessor.Save,341,2018-11-27T19:57:14.4022378Z,
Warning,Unspecified,,BingMaps/spatial-data-services/geocode-dataflow-api/geocode-dataflow-data-schema-version-2-0.md,Invalid file link:(~/spatial-data-services/rest-services/common-parameters-and-types/location-and-area-types.md).,BuildCore.Build Document.LinkPhaseHandlerWithIncremental.ConceptualDocumentProcessor.Save,356,2018-11-27T19:57:14.4022378Z,
Warning,Unspecified,,BingMaps/spatial-data-services/geocode-dataflow-api/geocode-dataflow-data-schema-version-2-0.md,Invalid file link:(~/spatial-data-services/rest-services/common-parameters-and-types/location-and-area-types.md).,BuildCore.Build Document.LinkPhaseHandlerWithIncremental.ConceptualDocumentProcessor.Save,372,2018-11-27T19:57:14.4022378Z,
Warning,Unspecified,,BingMaps/v8-web-control/articles/code-optimizations-in-v8.md,Invalid file link:(~/v8-web-control/rest-services/locations/index.md).,BuildCore.Build Document.LinkPhaseHandlerWithIncremental.ConceptualDocumentProcessor.Save,346,2018-11-27T19:57:14.4022378Z,
Warning,Unspecified,,BingMaps/v8-web-control/articles/code-optimizations-in-v8.md,Invalid file link:(~/v8-web-control/rest-services/index.md).,BuildCore.Build Document.LinkPhaseHandlerWithIncremental.ConceptualDocumentProcessor.Save,361,2018-11-27T19:57:14.4022378Z,
Warning,Unspecified,,BingMaps/v8-web-control/articles/code-optimizations-in-v8.md,Invalid file link:(~/v8-web-control/rest-services/routes/index.md).,BuildCore.Build Document.LinkPhaseHandlerWithIncremental.ConceptualDocumentProcessor.Save,347,2018-11-27T19:57:14.4022378Z,
Warning,Unspecified,,BingMaps/v8-web-control/creating-and-hosting-map-controls/creating-a-basic-map-control.md,Invalid file link:(~/v8-web-control/getting-started/getting-a-bing-maps-key.md).,BuildCore.Build Document.LinkPhaseHandlerWithIncremental.ConceptualDocumentProcessor.Save,22,2018-11-27T19:57:14.4022378Z,
Warning,Unspecified,,BingMaps/v8-web-control/creating-and-hosting-map-controls/index.md,Invalid file link:(~/v8-web-control/getting-started/getting-a-bing-maps-key.md).,BuildCore.Build Document.LinkPhaseHandlerWithIncremental.ConceptualDocumentProcessor.Save,21,2018-11-27T19:57:14.4022378Z,
Warning,Unspecified,,BingMaps/v8-web-control/creating-and-hosting-map-controls/index.md,Invalid file link:(~/v8-web-control/getting-started/understanding-bing-maps-transactions.md).,BuildCore.Build Document.LinkPhaseHandlerWithIncremental.ConceptualDocumentProcessor.Save,24,2018-11-27T19:57:14.4022378Z,
Warning,Unspecified,,BingMaps/v8-web-control/creating-and-hosting-map-controls/setting-map-control-parameters.md,Invalid file link:(~/v8-web-control/articles/geospatial-endpoint-service.md).,BuildCore.Build Document.LinkPhaseHandlerWithIncremental.ConceptualDocumentProcessor.Save,38,2018-11-27T19:57:14.4022378Z,
Warning,Unspecified,,BingMaps/v8-web-control/map-control-api/mapoptions-object.md,Invalid file link:(~/v8-web-control/articles/custom-map-styles-in-bing-maps.md).,BuildCore.Build Document.LinkPhaseHandlerWithIncremental.ConceptualDocumentProcessor.Save,25,2018-11-27T19:57:14.4022378Z,
Warning,Unspecified,,BingMaps/v8-web-control/map-control-api/pointcompression-class.md,Invalid file link:(~/v8-web-control/map-control-api/geodata-api.md).,BuildCore.Build Document.LinkPhaseHandlerWithIncremental.ConceptualDocumentProcessor.Save,17,2018-11-27T19:57:14.4022378Z,
Warning,Unspecified,,BingMaps/v8-web-control/map-control-api/pointcompression-class.md,Invalid file link:(~/v8-web-control/rest-services/elevations/point-compression-algorithm.md).,BuildCore.Build Document.LinkPhaseHandlerWithIncremental.ConceptualDocumentProcessor.Save,17,2018-11-27T19:57:14.4022378Z,
Warning,Unspecified,,BingMaps/v8-web-control/map-control-api/pushpin-class.md,Invalid file link:(~/v8-web-control/v8-web-control/pushpin-events-example.md).,BuildCore.Build Document.LinkPhaseHandlerWithIncremental.ConceptualDocumentProcessor.Save,82,2018-11-27T19:57:14.4022378Z,
Warning,Unspecified,,BingMaps/v8-web-control/map-control-api/pyramidtileid-class.md,Invalid file link:(~/v8-web-control/articles/bing-maps-tile-system.md).,BuildCore.Build Document.LinkPhaseHandlerWithIncremental.ConceptualDocumentProcessor.Save,45,2018-11-27T19:57:14.4022378Z,
Warning,Unspecified,,BingMaps/v8-web-control/map-control-concepts/index.md,Invalid file link:(~/v8-web-control/v8-web-control/autosuggest-module-examples.md).,BuildCore.Build Document.LinkPhaseHandlerWithIncremental.ConceptualDocumentProcessor.Save,31,2018-11-27T19:57:14.4022378Z,
Warning,Unspecified,,BingMaps/v8-web-control/map-control-concepts/index.md,Invalid file link:(~/v8-web-control/v8-web-control/drawing-tools-module-examples.md).,BuildCore.Build Document.LinkPhaseHandlerWithIncremental.ConceptualDocumentProcessor.Save,36,2018-11-27T19:57:14.4022378Z,
Warning,Unspecified,,BingMaps/v8-web-control/map-control-concepts/index.md,Invalid file link:(~/v8-web-control/v8-web-control/clustering-module-examples.md).,BuildCore.Build Document.LinkPhaseHandlerWithIncremental.ConceptualDocumentProcessor.Save,32,2018-11-27T19:57:14.4022378Z,
Warning,Unspecified,,BingMaps/v8-web-control/map-control-concepts/index.md,Invalid file link:(~/v8-web-control/v8-web-control/well-known-text-examples.md).,BuildCore.Build Document.LinkPhaseHandlerWithIncremental.ConceptualDocumentProcessor.Save,44,2018-11-27T19:57:14.4022378Z,
Warning,Unspecified,,BingMaps/v8-web-control/map-control-concepts/index.md,Invalid file link:(~/v8-web-control/v8-web-control/search-module-examples.md).,BuildCore.Build Document.LinkPhaseHandlerWithIncremental.ConceptualDocumentProcessor.Save,40,2018-11-27T19:57:14.4022378Z,
Warning,Unspecified,,BingMaps/v8-web-control/map-control-concepts/traffic-module-examples.md,Invalid file link:(~/v8-web-control/coverage/bing-maps-traffic-coverage.md).,BuildCore.Build Document.LinkPhaseHandlerWithIncremental.ConceptualDocumentProcessor.Save,17,2018-11-27T19:57:14.4022378Z,
Warning,Unspecified,,BingMaps/v8-web-control/map-control-concepts/autosuggest-module-examples/default-autosuggest-user-interface-example.md,Invalid file link:(~/v8-web-control/map-control-concepts/media/bmv8-autosuggestexample.png).,BuildCore.Build Document.LinkPhaseHandlerWithIncremental.ConceptualDocumentProcessor.Save,61,2018-11-27T19:57:14.4022378Z,
Warning,Unspecified,,BingMaps/v8-web-control/map-control-concepts/autosuggest-module-examples/filling-in-an-address-form-example.md,Invalid file link:(~/v8-web-control/map-control-concepts/media/bmv8-autosuggestaddressform.png).,BuildCore.Build Document.LinkPhaseHandlerWithIncremental.ConceptualDocumentProcessor.Save,89,2018-11-27T19:57:14.4022378Z,
Warning,Unspecified,,BingMaps/v8-web-control/map-control-concepts/custom-overlays/html-pushpin-overlay.md,Invalid file link:(~/v8-web-control/map-control-concepts/media/bmv8-htmlpushpinoverlayexample.png).,BuildCore.Build Document.LinkPhaseHandlerWithIncremental.ConceptualDocumentProcessor.Save,178,2018-11-27T19:57:14.4022378Z,
Warning,Unspecified,,BingMaps/v8-web-control/map-control-concepts/custom-overlays/simple-static-overlay.md,Invalid file link:(~/v8-web-control/map-control-concepts/media/bmv8-panningoverlayexample.PNG).,BuildCore.Build Document.LinkPhaseHandlerWithIncremental.ConceptualDocumentProcessor.Save,121,2018-11-27T19:57:14.4022378Z,
Warning,Unspecified,,BingMaps/v8-web-control/map-control-concepts/custom-overlays/topography-overlay.md,Invalid file link:(~/v8-web-control/map-control-concepts/media/bmv8-topographicoverlayexample.PNG).,BuildCore.Build Document.LinkPhaseHandlerWithIncremental.ConceptualDocumentProcessor.Save,99,2018-11-27T19:57:14.4022378Z,
Warning,Unspecified,,BingMaps/v8-web-control/map-control-concepts/directions-module-examples/index.md,Invalid file link:(~/v8-web-control/map-control-concepts/v8-web-control/routeavoidance-enumeration.md).,BuildCore.Build Document.LinkPhaseHandlerWithIncremental.ConceptualDocumentProcessor.Save,33,2018-11-27T19:57:14.4022378Z,
Warning,Unspecified,,BingMaps/v8-web-control/map-control-concepts/event-examples/index.md,Invalid file link:(~/v8-web-control/map-control-concepts/v8-web-control/polygon-events.md).,BuildCore.Build Document.LinkPhaseHandlerWithIncremental.ConceptualDocumentProcessor.Save,28,2018-11-27T19:57:14.4022378Z,
Warning,Unspecified,,BingMaps/v8-web-control/map-control-concepts/event-examples/index.md,Invalid file link:(~/v8-web-control/map-control-concepts/v8-web-control/pushpin-events-example.md).,BuildCore.Build Document.LinkPhaseHandlerWithIncremental.ConceptualDocumentProcessor.Save,26,2018-11-27T19:57:14.4022378Z,
Warning,Unspecified,,BingMaps/v8-web-control/map-control-concepts/event-examples/index.md,Invalid file link:(~/v8-web-control/map-control-concepts/media/bmv8-mapviewchangeeventexample.png).,BuildCore.Build Document.LinkPhaseHandlerWithIncremental.ConceptualDocumentProcessor.Save,74,2018-11-27T19:57:14.4022378Z,
Warning,Unspecified,,BingMaps/v8-web-control/map-control-concepts/geoxml-module-examples/index.md,Invalid file link:(~/v8-web-control/map-control-concepts/v8-web-control/kmlscreenoverlayoptions-object.md).,BuildCore.Build Document.LinkPhaseHandlerWithIncremental.ConceptualDocumentProcessor.Save,43,2018-11-27T19:57:14.4178624Z,
Warning,Unspecified,,BingMaps/v8-web-control/map-control-concepts/heat-map-module-examples/customized-heat-map-example.md,Invalid file link:(~/v8-web-control/map-control-concepts/media/bmv8-customizedheatmapexample-map.png).,BuildCore.Build Document.LinkPhaseHandlerWithIncremental.ConceptualDocumentProcessor.Save,64,2018-11-27T19:57:14.4178624Z,
Warning,Unspecified,,BingMaps/v8-web-control/map-control-concepts/infoboxes/basic-infobox-example.md,Invalid file link:(~/v8-web-control/map-control-concepts/media/bmv8-basicinfoboxexample2.png).,BuildCore.Build Document.LinkPhaseHandlerWithIncremental.ConceptualDocumentProcessor.Save,55,2018-11-27T19:57:14.4178624Z,
Warning,Unspecified,,BingMaps/v8-web-control/map-control-concepts/infoboxes/custom-html-infobox.md,Invalid file link:(~/v8-web-control/map-control-concepts/media/bmv8-custominfoboxexample2.png).,BuildCore.Build Document.LinkPhaseHandlerWithIncremental.ConceptualDocumentProcessor.Save,78,2018-11-27T19:57:14.4178624Z,
Warning,Unspecified,,BingMaps/v8-web-control/map-control-concepts/infoboxes/expanding-tooltip-infobox.md,Invalid file link:(~/v8-web-control/map-control-concepts/media/bmv8-infoboxexpandingtooltipexample.png).,BuildCore.Build Document.LinkPhaseHandlerWithIncremental.ConceptualDocumentProcessor.Save,119,2018-11-27T19:57:14.4178624Z,
Warning,Unspecified,,BingMaps/v8-web-control/map-control-concepts/infoboxes/infobox-when-pushpin-clicked.md,Invalid file link:(~/v8-web-control/map-control-concepts/media/bmv8-infoboxwhenpinclicked2.png).,BuildCore.Build Document.LinkPhaseHandlerWithIncremental.ConceptualDocumentProcessor.Save,79,2018-11-27T19:57:14.4178624Z,
Warning,Unspecified,,BingMaps/v8-web-control/map-control-concepts/infoboxes/infobox-when-shape-clicked.md,Invalid file link:(~/v8-web-control/map-control-concepts/media/bmv8-infoboxshapeclicked2.png).,BuildCore.Build Document.LinkPhaseHandlerWithIncremental.ConceptualDocumentProcessor.Save,79,2018-11-27T19:57:14.4178624Z,
Warning,Unspecified,,BingMaps/v8-web-control/map-control-concepts/infoboxes/infobox-with-options.md,Invalid file link:(~/v8-web-control/map-control-concepts/media/bmv8-infoboxoptionsexample2.png).,BuildCore.Build Document.LinkPhaseHandlerWithIncremental.ConceptualDocumentProcessor.Save,66,2018-11-27T19:57:14.4178624Z,
Warning,Unspecified,,BingMaps/v8-web-control/map-control-concepts/infoboxes/multiple-pushpins-and-infoboxes.md,Invalid file link:(~/v8-web-control/map-control-concepts/media/bmv8-multiplepushpinsandinfobox2.png).,BuildCore.Build Document.LinkPhaseHandlerWithIncremental.ConceptualDocumentProcessor.Save,82,2018-11-27T19:57:14.4178624Z,
Warning,Unspecified,,BingMaps/v8-web-control/map-control-concepts/layers/animated-weather-radar-map.md,Invalid file link:(~/v8-web-control/map-control-concepts/media/bmv8-animatedweatherradar.PNG).,BuildCore.Build Document.LinkPhaseHandlerWithIncremental.ConceptualDocumentProcessor.Save,70,2018-11-27T19:57:14.4178624Z,
Warning,Unspecified,,BingMaps/v8-web-control/map-control-concepts/layers/animatedtilelayer-events.md,Invalid file link:(~/v8-web-control/map-control-concepts/media/bmv8-animatedtilelayer-events.PNG).,BuildCore.Build Document.LinkPhaseHandlerWithIncremental.ConceptualDocumentProcessor.Save,100,2018-11-27T19:57:14.4178624Z,
Warning,Unspecified,,BingMaps/v8-web-control/map-control-concepts/layers/base-map-tile-layer-example.md,Invalid file link:(~/v8-web-control/map-control-concepts/media/bmv8-tilelayer-basemercator.PNG).,BuildCore.Build Document.LinkPhaseHandlerWithIncremental.ConceptualDocumentProcessor.Save,65,2018-11-27T19:57:14.4178624Z,
Warning,Unspecified,,BingMaps/v8-web-control/map-control-concepts/layers/basic-tile-layer-example.md,Invalid file link:(~/v8-web-control/map-control-concepts/media/bmv8-basictilelayerexample.png).,BuildCore.Build Document.LinkPhaseHandlerWithIncremental.ConceptualDocumentProcessor.Save,76,2018-11-27T19:57:14.4178624Z,
Warning,Unspecified,,BingMaps/v8-web-control/map-control-concepts/layers/controlling-an-animatedtilelayer.md,Invalid file link:(~/v8-web-control/map-control-concepts/media/bmv8-animatedtilelayer-controls.PNG).,BuildCore.Build Document.LinkPhaseHandlerWithIncremental.ConceptualDocumentProcessor.Save,74,2018-11-27T19:57:14.4178624Z,
Warning,Unspecified,,BingMaps/v8-web-control/map-control-concepts/layers/data-layer-events.md,Invalid file link:(~/v8-web-control/map-control-concepts/media/bmv8-layereventsexample.png).,BuildCore.Build Document.LinkPhaseHandlerWithIncremental.ConceptualDocumentProcessor.Save,76,2018-11-27T19:57:14.4178624Z,
Warning,Unspecified,,BingMaps/v8-web-control/map-control-concepts/spatial-math-module-examples/calculate-tile-bounds.md,Invalid file link:(~/v8-web-control/map-control-concepts/media/bmv8-tileboundsexample.PNG).,BuildCore.Build Document.LinkPhaseHandlerWithIncremental.ConceptualDocumentProcessor.Save,75,2018-11-27T19:57:14.4178624Z,
Warning,Unspecified,,BingMaps/v8-web-control/map-control-concepts/spatial-math-module-examples/geolocation-accuracy-circle-example.md,Invalid file link:(~/v8-web-control/map-control-concepts/media/bmv8-spatialmathgeolocationaccuracycircle.PNG).,BuildCore.Build Document.LinkPhaseHandlerWithIncremental.ConceptualDocumentProcessor.Save,62,2018-11-27T19:57:14.4178624Z,
Warning,Unspecified,,BingMaps/v8-web-control/map-control-concepts/spatial-math-module-examples/geometry-binary-operations.md,Invalid file link:(~/v8-web-control/map-control-concepts/media/bmv8-binaryoperations.png).,BuildCore.Build Document.LinkPhaseHandlerWithIncremental.ConceptualDocumentProcessor.Save,26,2018-11-27T19:57:14.4178624Z,
Warning,Unspecified,,BingMaps/v8-web-control/map-control-concepts/spatial-math-module-examples/geometry-binary-operations.md,Invalid file link:(~/v8-web-control/map-control-concepts/media/bmv8-spatialmathintersectionexample.PNG).,BuildCore.Build Document.LinkPhaseHandlerWithIncremental.ConceptualDocumentProcessor.Save,116,2018-11-27T19:57:14.4178624Z,
Warning,Unspecified,,BingMaps/v8-web-control/map-control-concepts/spatial-math-module-examples/index.md,Invalid file link:(~/v8-web-control/map-control-concepts/articles/bing-maps-tile-system.md).,BuildCore.Build Document.LinkPhaseHandlerWithIncremental.ConceptualDocumentProcessor.Save,23,2018-11-27T19:57:14.4178624Z,
Warning,Unspecified,,BingMaps/v8-web-control/modules/spatial-math-module/index.md,Invalid file link:(~/v8-web-control/modules/articles/bing-maps-tile-system.md).,BuildCore.Build Document.LinkPhaseHandlerWithIncremental.ConceptualDocumentProcessor.Save,25,2018-11-27T19:57:14.4178624Z,
Warning,Unspecified,,BingMaps/v8-web-control/modules/spatial-math-module/tile-calculations.md,Invalid file link:(~/v8-web-control/modules/articles/bing-maps-tile-system.md).,BuildCore.Build Document.LinkPhaseHandlerWithIncremental.ConceptualDocumentProcessor.Save,17,2018-11-27T19:57:14.4178624Z,
Warning,Unspecified,,BingMaps/v8-web-control/modules/traffic-module/index.md,Invalid file link:(~/v8-web-control/modules/coverage/bing-maps-traffic-coverage.md).,BuildCore.Build Document.LinkPhaseHandlerWithIncremental.ConceptualDocumentProcessor.Save,19,2018-11-27T19:57:14.4178624Z,
Warning,Unspecified,,BingMaps/v8-web-control/map-control-concepts/layers/wms-tile-layer-example.md,Invalid file link:(~/v8-web-control/map-control-concepts/media/bmv8-wmstilelayerexample.PNG).,BuildCore.Build Document.LinkPhaseHandlerWithIncremental.ConceptualDocumentProcessor.Save,62,2018-11-27T19:57:14.4178624Z,
Warning,Unspecified,,BingMaps/v8-web-control/map-control-concepts/map/customize-map-options-on-load.md,Invalid file link:(~/v8-web-control/map-control-concepts/media/bmv8-mapoptionsonload.png).,BuildCore.Build Document.LinkPhaseHandlerWithIncremental.ConceptualDocumentProcessor.Save,51,2018-11-27T19:57:14.4178624Z,
Warning,Unspecified,,BingMaps/v8-web-control/map-control-concepts/map-shapes-polylines-and-polygons/basic-polygon-example.md,Invalid file link:(~/v8-web-control/map-control-concepts/media/bmv8-basicpushpinexample.png).,BuildCore.Build Document.LinkPhaseHandlerWithIncremental.ConceptualDocumentProcessor.Save,60,2018-11-27T19:57:14.4178624Z,
Warning,Unspecified,,BingMaps/v8-web-control/map-control-concepts/pushpins/custom-base64-image-pushpin-example.md,Invalid file link:(~/v8-web-control/map-control-concepts/media/bmv8-base64pushpinexample.png).,BuildCore.Build Document.LinkPhaseHandlerWithIncremental.ConceptualDocumentProcessor.Save,62,2018-11-27T19:57:14.4178624Z,
Warning,Unspecified,,BingMaps/v8-web-control/map-control-concepts/pushpins/custom-base64-image-pushpin-example.md,Invalid file link:(~/v8-web-control/map-control-concepts/media/bmv8-custompushpinusingbase64imageexample-icon.png).,BuildCore.Build Document.LinkPhaseHandlerWithIncremental.ConceptualDocumentProcessor.Save,24,2018-11-27T19:57:14.4178624Z,
Warning,Unspecified,,BingMaps/v8-web-control/map-control-concepts/pushpins/custom-canvas-pushpin-example.md,Invalid file link:(~/v8-web-control/map-control-concepts/media/bmv8-arrowpushpinexample.png).,BuildCore.Build Document.LinkPhaseHandlerWithIncremental.ConceptualDocumentProcessor.Save,86,2018-11-27T19:57:14.4178624Z,
Warning,Unspecified,,BingMaps/v8-web-control/map-control-concepts/spatial-data-services-module-examples/index.md,Invalid file link:(~/v8-web-control/map-control-concepts/spatial-data-services-module-examples/geodata-api.md).,BuildCore.Build Document.LinkPhaseHandlerWithIncremental.ConceptualDocumentProcessor.Save,17,2018-11-27T19:57:14.4178624Z,
Warning,Unspecified,,BingMaps/v8-web-control/map-control-concepts/spatial-data-services-module-examples/index.md,Invalid file link:(~/v8-web-control/map-control-concepts/spatial-data-services-module-examples/geodata-api.md).,BuildCore.Build Document.LinkPhaseHandlerWithIncremental.ConceptualDocumentProcessor.Save,19,2018-11-27T19:57:14.4178624Z,
Warning,Unspecified,,BingMaps/v8-web-control/map-control-concepts/spatial-data-services-module-examples/index.md,Invalid file link:(~/v8-web-control/map-control-concepts/spatial-data-services/query-api.md).,BuildCore.Build Document.LinkPhaseHandlerWithIncremental.ConceptualDocumentProcessor.Save,17,2018-11-27T19:57:14.4178624Z,
Warning,Unspecified,,BingMaps/v8-web-control/map-control-concepts/spatial-data-services-module-examples/index.md,Invalid file link:(~/v8-web-control/map-control-concepts/spatial-data-services/query-api.md).,BuildCore.Build Document.LinkPhaseHandlerWithIncremental.ConceptualDocumentProcessor.Save,19,2018-11-27T19:57:14.4178624Z,
Warning,Unspecified,,BingMaps/v8-web-control/map-control-concepts/spatial-data-services-module-examples/geodata-api/index.md,Invalid file link:(~/v8-web-control/map-control-concepts/spatial-data-services-module-examples/spatial-data-services/geodata-api.md).,BuildCore.Build Document.LinkPhaseHandlerWithIncremental.ConceptualDocumentProcessor.Save,17,2018-11-27T19:57:14.4178624Z,
Warning,Unspecified,,BingMaps/v8-web-control/map-control-concepts/spatial-data-services-module-examples/query-api/basic-intersection-search-example.md,Invalid file link:(~/v8-web-control/map-control-concepts/spatial-data-services-module-examples/media/bmv8-basicintersectionexample.png).,BuildCore.Build Document.LinkPhaseHandlerWithIncremental.ConceptualDocumentProcessor.Save,75,2018-11-27T19:57:14.4178624Z,
Warning,Unspecified,,BingMaps/v8-web-control/map-control-concepts/spatial-data-services-module-examples/query-api/choropleth-map-example.md,Invalid file link:(~/v8-web-control/map-control-concepts/spatial-data-services-module-examples/media/bmv8-sdschoroplethmapexample.png).,BuildCore.Build Document.LinkPhaseHandlerWithIncremental.ConceptualDocumentProcessor.Save,167,2018-11-27T19:57:14.4178624Z,
Warning,Unspecified,,BingMaps/v8-web-control/map-control-concepts/spatial-data-services-module-examples/query-api/choropleth-map-example.md,Invalid file link:(~/v8-web-control/map-control-concepts/spatial-data-services-module-examples/spatial-data-services/2010-us-census-data-sources.md).,BuildCore.Build Document.LinkPhaseHandlerWithIncremental.ConceptualDocumentProcessor.Save,17,2018-11-27T19:57:14.4178624Z,
Warning,Unspecified,,BingMaps/v8-web-control/modules/data-binning-module/databinninglayer-class.md,Invalid file link:(~/v8-web-control/modules/data-binning-module/Pushpin Class.md).,BuildCore.Build Document.LinkPhaseHandlerWithIncremental.ConceptualDocumentProcessor.Save,23,2018-11-27T19:57:14.4178624Z,
Warning,Unspecified,,BingMaps/v8-web-control/modules/data-binning-module/databinninglayer-class.md,Invalid file link:(~/v8-web-control/modules/data-binning-module/DataBinningOptions Object.md).,BuildCore.Build Document.LinkPhaseHandlerWithIncremental.ConceptualDocumentProcessor.Save,23,2018-11-27T19:57:14.4178624Z,
Warning,Unspecified,,BingMaps/v8-web-control/modules/geoxml-module/index.md,Invalid file link:(~/v8-web-control/modules/v8-web-control/kmlscreenoverlayoptions-object.md).,BuildCore.Build Document.LinkPhaseHandlerWithIncremental.ConceptualDocumentProcessor.Save,41,2018-11-27T19:57:14.4178624Z,
Warning,Unspecified,,BingMaps/v8-web-control/modules/geoxml-module/kmlscreenoverlay-class.md,Invalid file link:(~/v8-web-control/modules/v8-web-control/kmlscreenoverlayoptions-object.md).,BuildCore.Build Document.LinkPhaseHandlerWithIncremental.ConceptualDocumentProcessor.Save,21,2018-11-27T19:57:14.4178624Z,
Warning,Unspecified,,BingMaps/v8-web-control/modules/geoxml-module/kmlscreenoverlay-class.md,Invalid file link:(~/v8-web-control/modules/v8-web-control/kmlscreenoverlayoptions-object.md).,BuildCore.Build Document.LinkPhaseHandlerWithIncremental.ConceptualDocumentProcessor.Save,39,2018-11-27T19:57:14.4178624Z,
Warning,Unspecified,,BingMaps/v8-web-control/modules/spatial-data-service-module/getboundaryrequestoptions-object.md,Invalid file link:(~/v8-web-control/modules/spatial-data-services/geodata-api.md).,BuildCore.Build Document.LinkPhaseHandlerWithIncremental.ConceptualDocumentProcessor.Save,17,2018-11-27T19:57:14.4178624Z,
Warning,Unspecified,,BingMaps/v8-web-control/modules/spatial-data-service-module/metadata-object.md,Invalid file link:(~/v8-web-control/modules/spatial-data-services/geodata-api.md).,BuildCore.Build Document.LinkPhaseHandlerWithIncremental.ConceptualDocumentProcessor.Save,17,2018-11-27T19:57:14.4178624Z,
Warning,Unspecified,,BingMaps/v8-web-control/modules/spatial-data-service-module/name-object.md,Invalid file link:(~/v8-web-control/modules/spatial-data-services/geodata-api.md).,BuildCore.Build Document.LinkPhaseHandlerWithIncremental.ConceptualDocumentProcessor.Save,17,2018-11-27T19:57:14.4178624Z,
Warning,Unspecified,,BingMaps/getting-started/bing-maps-dev-center-help/geocoding-and-managing-data-sources/deleting-a-data-source.md,Invalid file link:(~/getting-started/bing-maps-dev-center-help/spatial-data-services/geocode-and-data-source-limits.md).,BuildCore.Build Document.LinkPhaseHandlerWithIncremental.ConceptualDocumentProcessor.Save,24,2018-11-27T19:57:14.4178624Z,
Warning,Unspecified,,BingMaps/getting-started/bing-maps-dev-center-help/geocoding-and-managing-data-sources/getting-data-source-information.md,Invalid file link:(~/getting-started/bing-maps-dev-center-help/spatial-data-services/data-source-management-api.md).,BuildCore.Build Document.LinkPhaseHandlerWithIncremental.ConceptualDocumentProcessor.Save,18,2018-11-27T19:57:14.4178624Z,
Warning,Unspecified,,BingMaps/getting-started/bing-maps-dev-center-help/geocoding-and-managing-data-sources/uploading-and-publishing-entity-data-to-a-data-source.md,Invalid file link:(~/getting-started/bing-maps-dev-center-help/spatial-data-services/geocode-and-data-source-limits.md).,BuildCore.Build Document.LinkPhaseHandlerWithIncremental.ConceptualDocumentProcessor.Save,24,2018-11-27T19:57:14.4178624Z,
Warning,Unspecified,,BingMaps/getting-started/bing-maps-dev-center-help/geocoding-and-managing-data-sources/uploading-and-publishing-entity-data-to-a-data-source.md,Invalid file link:(~/getting-started/bing-maps-dev-center-help/getting-started/media/bingmapsportalflowdiagram.jpg).,BuildCore.Build Document.LinkPhaseHandlerWithIncremental.ConceptualDocumentProcessor.Save,21,2018-11-27T19:57:14.4178624Z,
Warning,Unspecified,,BingMaps/rest-services/index.md,Invalid file link:(~/getting-started/understanding-bing-maps-transactions.md#viewing-usage-reports).,BuildCore.Build Document.LinkPhaseHandlerWithIncremental.ConceptualDocumentProcessor.Save,20,2018-11-27T19:57:14.4178624Z,
Warning,Unspecified,,BingMaps/rest-services/imagery/get-a-static-map.md,Invalid file link:(~/rest-services/imagery/Getting Streetside Tiles From Imagery Metadata.md).,BuildCore.Build Document.LinkPhaseHandlerWithIncremental.ConceptualDocumentProcessor.Save,338,2018-11-27T19:57:14.4178624Z,
Warning,Unspecified,,BingMaps/rest-services/imagery/get-imagery-metadata.md,Invalid file link:(~/rest-services/Topic/Common Response Description.md).,BuildCore.Build Document.LinkPhaseHandlerWithIncremental.ConceptualDocumentProcessor.Save,91,2018-11-27T19:57:14.4178624Z,
Warning,Unspecified,,BingMaps/rest-services/imagery/get-imagery-metadata.md,Invalid file link:(~/rest-services/Topic/Output Parameters.md).,BuildCore.Build Document.LinkPhaseHandlerWithIncremental.ConceptualDocumentProcessor.Save,99,2018-11-27T19:57:14.4178624Z,
Warning,Unspecified,,BingMaps/rest-services/routes/optimized-itinerary.md,Invalid file link:(~/rest-services/routes/Optimized Itinerary Data.md).,BuildCore.Build Document.LinkPhaseHandlerWithIncremental.ConceptualDocumentProcessor.Save,40,2018-11-27T19:57:14.4178624Z,
Warning,Unspecified,,BingMaps/rest-services/routes/optimized-itinerary.md,Invalid file link:(~/rest-services/routes/Optimized Itinerary Data.md).,BuildCore.Build Document.LinkPhaseHandlerWithIncremental.ConceptualDocumentProcessor.Save,153,2018-11-27T19:57:14.4178624Z,
Warning,Unspecified,,BingMaps/rest-services/routes/optimized-itinerary.md,Invalid file link:(~/rest-services/routes/Asynchronous Requests.md).,BuildCore.Build Document.LinkPhaseHandlerWithIncremental.ConceptualDocumentProcessor.Save,42,2018-11-27T19:57:14.4178624Z,
Warning,Unspecified,,BingMaps/spatial-data-services/public-data-sources/2010-us-census-data-sources.md,Invalid file link:(~/spatial-data-services/v8-web-control/choropleth-map-example.md).,BuildCore.Build Document.LinkPhaseHandlerWithIncremental.ConceptualDocumentProcessor.Save,95,2018-11-27T19:57:14.4178624Z,
Warning,Unspecified,,BingMaps/v8-web-control/pushpin-events-example.md,Invalid file link:(~/media/bmv8-pushpineventexample.png).,BuildCore.Build Document.LinkPhaseHandlerWithIncremental.ConceptualDocumentProcessor.Save,69,2018-11-27T19:57:14.4178624Z,
Warning,Unspecified,,BingMaps/v8-web-control/map-control-concepts/pushpins/default-pushpin-with-text-example.md,Invalid file link:(~/v8-web-control/map-control-concepts/media/bmv8-defaultpushpinexample.png).,BuildCore.Build Document.LinkPhaseHandlerWithIncremental.ConceptualDocumentProcessor.Save,55,2018-11-27T19:57:14.4178624Z,
Warning,Unspecified,,BingMaps/v8-web-control/map-control-concepts/pushpins/dynamically-create-svg-pushpin-example.md,Invalid file link:(~/v8-web-control/map-control-concepts/media/bmv8-dynamicsvgexample.png).,BuildCore.Build Document.LinkPhaseHandlerWithIncremental.ConceptualDocumentProcessor.Save,65,2018-11-27T19:57:14.4334911Z,
Warning,Unspecified,,BingMaps/v8-web-control/map-control-concepts/pushpins/font-based-pushpins.md,Invalid file link:(~/v8-web-control/map-control-concepts/media/bmv8-fontbasedpushpins.PNG).,BuildCore.Build Document.LinkPhaseHandlerWithIncremental.ConceptualDocumentProcessor.Save,78,2018-11-27T19:57:14.4334911Z,
Warning,Unspecified,,BingMaps/v8-web-control/map-control-concepts/pushpins/image-and-canvas-pushpin-example.md,Invalid file link:(~/v8-web-control/map-control-concepts/media/bmv8-imagecanvaspushpinexample.png).,BuildCore.Build Document.LinkPhaseHandlerWithIncremental.ConceptualDocumentProcessor.Save,80,2018-11-27T19:57:14.4334911Z,
Warning,Unspecified,,BingMaps/v8-web-control/map-control-concepts/pushpins/image-and-canvas-pushpin-example.md,Invalid file link:(~/v8-web-control/map-control-concepts/media/bmv8-templateimagepushpin.png).,BuildCore.Build Document.LinkPhaseHandlerWithIncremental.ConceptualDocumentProcessor.Save,19,2018-11-27T19:57:14.4334911Z,
Warning,Unspecified,,BingMaps/v8-web-control/map-control-concepts/pushpins/index.md,Invalid file link:(~/v8-web-control/map-control-concepts/v8-web-control/pushpin-events-example.md).,BuildCore.Build Document.LinkPhaseHandlerWithIncremental.ConceptualDocumentProcessor.Save,35,2018-11-27T19:57:14.4334911Z,
Warning,Unspecified,,BingMaps/v8-web-control/map-control-concepts/rest-services-examples/elevation-profiles.md,Invalid file link:(~/v8-web-control/map-control-concepts/rest-services/elevations/index.md).,BuildCore.Build Document.LinkPhaseHandlerWithIncremental.ConceptualDocumentProcessor.Save,17,2018-11-27T19:57:14.4334911Z,
Warning,Unspecified,,BingMaps/v8-web-control/map-control-concepts/rest-services-examples/elevation-profiles.md,Invalid file link:(~/v8-web-control/map-control-concepts/media/bmv8-elevationprofile.PNG).,BuildCore.Build Document.LinkPhaseHandlerWithIncremental.ConceptualDocumentProcessor.Save,219,2018-11-27T19:57:14.4334911Z,
Warning,Unspecified,,BingMaps/v8-web-control/map-control-concepts/rest-services-examples/index.md,Invalid file link:(~/v8-web-control/map-control-concepts/rest-services/index.md).,BuildCore.Build Document.LinkPhaseHandlerWithIncremental.ConceptualDocumentProcessor.Save,17,2018-11-27T19:57:14.4334911Z,
Warning,Unspecified,,BingMaps/v8-web-control/map-control-concepts/rest-services-examples/index.md,Invalid file link:(~/v8-web-control/map-control-concepts/media/bmv8-restexample.PNG).,BuildCore.Build Document.LinkPhaseHandlerWithIncremental.ConceptualDocumentProcessor.Save,32,2018-11-27T19:57:14.4334911Z,
Warning,Unspecified,,BingMaps/v8-web-control/modules/directions-module/directionsmanager-class.md,Invalid file link:(~/v8-web-control/modules/v8-web-control/directionserroreventargs-object.md).,BuildCore.Build Document.LinkPhaseHandlerWithIncremental.ConceptualDocumentProcessor.Save,47,2018-11-27T19:57:14.4334911Z,
Warning,Unspecified,,BingMaps/v8-web-control/modules/directions-module/directionsmanager-class.md,Invalid file link:(~/v8-web-control/modules/v8-web-control/directionserroreventargs-object.md).,BuildCore.Build Document.LinkPhaseHandlerWithIncremental.ConceptualDocumentProcessor.Save,48,2018-11-27T19:57:14.4334911Z,
Warning,Unspecified,,BingMaps/v8-web-control/modules/directions-module/directionsrequestoptions-object.md,Invalid file link:(~/v8-web-control/modules/v8-web-control/routeavoidance-enumeration.md).,BuildCore.Build Document.LinkPhaseHandlerWithIncremental.ConceptualDocumentProcessor.Save,25,2018-11-27T19:57:14.4334911Z,
Warning,Unspecified,,BingMaps/v8-web-control/modules/directions-module/directionsstepwarning.md,Invalid file link:(~/v8-web-control/modules/rest-services/routes/warning-types.md).,BuildCore.Build Document.LinkPhaseHandlerWithIncremental.ConceptualDocumentProcessor.Save,25,2018-11-27T19:57:14.4334911Z,
Warning,Unspecified,,BingMaps/v8-web-control/modules/directions-module/index.md,Invalid file link:(~/v8-web-control/modules/v8-web-control/routeavoidance-enumeration.md).,BuildCore.Build Document.LinkPhaseHandlerWithIncremental.ConceptualDocumentProcessor.Save,31,2018-11-27T19:57:14.4334911Z,
Warning,Unspecified,,BingMaps/v8-web-control/modules/directions-module/index.md,Invalid file link:(~/v8-web-control/modules/v8-web-control/directionserroreventargs-object.md).,BuildCore.Build Document.LinkPhaseHandlerWithIncremental.ConceptualDocumentProcessor.Save,23,2018-11-27T19:57:14.4334911Z,
Warning,Unspecified,,BingMaps/v8-web-control/modules/directions-module/index.md,Invalid file link:(~/v8-web-control/modules/v8-web-control/directionserroreventargs-object.md).,BuildCore.Build Document.LinkPhaseHandlerWithIncremental.ConceptualDocumentProcessor.Save,24,2018-11-27T19:57:14.4334911Z,
Warning,Unspecified,,BingMaps/v8-web-control/modules/directions-module/index.md,Invalid file link:(~/v8-web-control/modules/v8-web-control/routeleg-object.md).,BuildCore.Build Document.LinkPhaseHandlerWithIncremental.ConceptualDocumentProcessor.Save,32,2018-11-27T19:57:14.4334911Z,
Warning,Unspecified,,BingMaps/v8-web-control/modules/directions-module/route-object.md,Invalid file link:(~/v8-web-control/modules/v8-web-control/routeleg-object.md).,BuildCore.Build Document.LinkPhaseHandlerWithIncremental.ConceptualDocumentProcessor.Save,21,2018-11-27T19:57:14.4334911Z,
Warning,Unspecified,,BingMaps/v8-web-control/modules/search-module/index.md,Invalid file link:(~/v8-web-control/modules/v8-web-control/geocoderequestoptions-object.md).,BuildCore.Build Document.LinkPhaseHandlerWithIncremental.ConceptualDocumentProcessor.Save,27,2018-11-27T19:57:14.4334911Z,
Warning,Unspecified,,BingMaps/v8-web-control/modules/search-module/index.md,Invalid file link:(~/v8-web-control/modules/v8-web-control/geocoderesult-object.md).,BuildCore.Build Document.LinkPhaseHandlerWithIncremental.ConceptualDocumentProcessor.Save,28,2018-11-27T19:57:14.4334911Z,
Warning,Unspecified,,BingMaps/v8-web-control/modules/search-module/index.md,Invalid file link:(~/v8-web-control/modules/v8-web-control/matchcode-enumeration.md).,BuildCore.Build Document.LinkPhaseHandlerWithIncremental.ConceptualDocumentProcessor.Save,29,2018-11-27T19:57:14.4334911Z,
Warning,Unspecified,,BingMaps/v8-web-control/modules/search-module/index.md,Invalid file link:(~/v8-web-control/modules/v8-web-control/placeresult-object.md).,BuildCore.Build Document.LinkPhaseHandlerWithIncremental.ConceptualDocumentProcessor.Save,31,2018-11-27T19:57:14.4334911Z,
Warning,Unspecified,,BingMaps/v8-web-control/modules/search-module/index.md,Invalid file link:(~/v8-web-control/modules/v8-web-control/searchmanager-class.md).,BuildCore.Build Document.LinkPhaseHandlerWithIncremental.ConceptualDocumentProcessor.Save,33,2018-11-27T19:57:14.4334911Z,
Warning,Unspecified,,BingMaps/v8-web-control/modules/search-module/index.md,Invalid file link:(~/v8-web-control/modules/v8-web-control/geocodelocation-object.md).,BuildCore.Build Document.LinkPhaseHandlerWithIncremental.ConceptualDocumentProcessor.Save,26,2018-11-27T19:57:14.4334911Z,
Warning,Unspecified,,BingMaps/v8-web-control/modules/search-module/index.md,Invalid file link:(~/v8-web-control/modules/v8-web-control/matchconfidence-enumeration.md).,BuildCore.Build Document.LinkPhaseHandlerWithIncremental.ConceptualDocumentProcessor.Save,30,2018-11-27T19:57:14.4334911Z,
Warning,Unspecified,,BingMaps/v8-web-control/modules/search-module/index.md,Invalid file link:(~/v8-web-control/modules/v8-web-control/reversegeocoderequestoptions-object.md).,BuildCore.Build Document.LinkPhaseHandlerWithIncremental.ConceptualDocumentProcessor.Save,32,2018-11-27T19:57:14.4334911Z,
Warning,Unspecified,,BingMaps/v8-web-control/modules/spatial-data-service-module/copyright-object.md,Invalid file link:(~/v8-web-control/modules/spatial-data-services/geodata-api.md).,BuildCore.Build Document.LinkPhaseHandlerWithIncremental.ConceptualDocumentProcessor.Save,17,2018-11-27T19:57:14.4334911Z,
Warning,Unspecified,,BingMaps/v8-web-control/modules/spatial-data-service-module/copyrightsource-object.md,Invalid file link:(~/v8-web-control/modules/spatial-data-services/geodata-api.md).,BuildCore.Build Document.LinkPhaseHandlerWithIncremental.ConceptualDocumentProcessor.Save,17,2018-11-27T19:57:14.4334911Z,
Warning,Unspecified,,BingMaps/v8-web-control/map-control-concepts/layers/x-y-zoom-tilelayer.md,Invalid file link:(~/v8-web-control/map-control-concepts/media/bmv8-tilelayerxyzoom.PNG).,BuildCore.Build Document.LinkPhaseHandlerWithIncremental.ConceptualDocumentProcessor.Save,57,2018-11-27T19:57:14.4334911Z,
Warning,Unspecified,,BingMaps/v8-web-control/map-control-concepts/map/change-the-map-view.md,Invalid file link:(~/v8-web-control/map-control-concepts/media/bmv8-changemapview.png).,BuildCore.Build Document.LinkPhaseHandlerWithIncremental.ConceptualDocumentProcessor.Save,44,2018-11-27T19:57:14.4334911Z,
Warning,Unspecified,,BingMaps/v8-web-control/map-control-concepts/map/index.md,Invalid file link:(~/v8-web-control/map-control-concepts/v8-web-control/check-bird’s-eye-coverage-availability.md).,BuildCore.Build Document.LinkPhaseHandlerWithIncremental.ConceptualDocumentProcessor.Save,23,2018-11-27T19:57:14.4334911Z,
Warning,Unspecified,,BingMaps/v8-web-control/map-control-concepts/map/map-events.md,Invalid file link:(~/v8-web-control/map-control-concepts/media/bmv8-mapevents.png).,BuildCore.Build Document.LinkPhaseHandlerWithIncremental.ConceptualDocumentProcessor.Save,82,2018-11-27T19:57:14.4334911Z,
Warning,Unspecified,,BingMaps/v8-web-control/map-control-concepts/pushpins/anchoring-pushpins.md,Invalid file link:(~/v8-web-control/map-control-concepts/media/bmv8-anchoringpushpins-alignpushpin.png).,BuildCore.Build Document.LinkPhaseHandlerWithIncremental.ConceptualDocumentProcessor.Save,31,2018-11-27T19:57:14.4334911Z,
Warning,Unspecified,,BingMaps/v8-web-control/map-control-concepts/pushpins/anchoring-pushpins.md,Invalid file link:(~/v8-web-control/map-control-concepts/media/bmv8-anchoringpushpins-aligncenter.png).,BuildCore.Build Document.LinkPhaseHandlerWithIncremental.ConceptualDocumentProcessor.Save,25,2018-11-27T19:57:14.4334911Z,
Warning,Unspecified,,BingMaps/v8-web-control/map-control-concepts/pushpins/anchoring-pushpins.md,Invalid file link:(~/v8-web-control/map-control-concepts/media/bmv8-anchoringpushpins-alignwithpoint.png).,BuildCore.Build Document.LinkPhaseHandlerWithIncremental.ConceptualDocumentProcessor.Save,28,2018-11-27T19:57:14.4334911Z,
Warning,Unspecified,,BingMaps/v8-web-control/map-control-concepts/pushpins/anchoring-pushpins.md,Invalid file link:(~/v8-web-control/map-control-concepts/media/bmv8-anchoringpushpins-dimensions.png).,BuildCore.Build Document.LinkPhaseHandlerWithIncremental.ConceptualDocumentProcessor.Save,21,2018-11-27T19:57:14.4334911Z,
Warning,Unspecified,,BingMaps/v8-web-control/map-control-concepts/pushpins/custom-image-pushpin-example.md,Invalid file link:(~/v8-web-control/map-control-concepts/media/bmv8-poi-custom.png).,BuildCore.Build Document.LinkPhaseHandlerWithIncremental.ConceptualDocumentProcessor.Save,19,2018-11-27T19:57:14.4334911Z,
Warning,Unspecified,,BingMaps/v8-web-control/map-control-concepts/pushpins/custom-image-pushpin-example.md,Invalid file link:(~/v8-web-control/map-control-concepts/media/bmv8-customimagepushpin.png).,BuildCore.Build Document.LinkPhaseHandlerWithIncremental.ConceptualDocumentProcessor.Save,56,2018-11-27T19:57:14.4334911Z,
Warning,Unspecified,,BingMaps/v8-web-control/map-control-concepts/pushpins/custom-inline-svg-pushpin-example.md,Invalid file link:(~/v8-web-control/map-control-concepts/media/bmv8-inlinesvgexample.png).,BuildCore.Build Document.LinkPhaseHandlerWithIncremental.ConceptualDocumentProcessor.Save,58,2018-11-27T19:57:14.4334911Z,
Warning,Unspecified,,BingMaps/v8-web-control/map-control-concepts/pushpins/custom-inline-svg-pushpin-example.md,Invalid file link:(~/v8-web-control/map-control-concepts/media/bmv8-sunnysvg.png).,BuildCore.Build Document.LinkPhaseHandlerWithIncremental.ConceptualDocumentProcessor.Save,25,2018-11-27T19:57:14.4334911Z,
Warning,Unspecified,,BingMaps/v8-web-control/map-control-concepts/spatial-data-services-module-examples/geodata-api/load-multiple-boundaries-geodata-example.md,Invalid file link:(~/v8-web-control/map-control-concepts/spatial-data-services-module-examples/media/bmv8-geodatamultipleboundaries.png).,BuildCore.Build Document.LinkPhaseHandlerWithIncremental.ConceptualDocumentProcessor.Save,69,2018-11-27T19:57:14.4334911Z,
Warning,Unspecified,,BingMaps/v8-web-control/map-control-concepts/spatial-data-services-module-examples/geodata-api/load-single-boundary-geodata-example.md,Invalid file link:(~/v8-web-control/map-control-concepts/spatial-data-services-module-examples/media/bmv8-geodatasingleboundary.png).,BuildCore.Build Document.LinkPhaseHandlerWithIncremental.ConceptualDocumentProcessor.Save,65,2018-11-27T19:57:14.4334911Z,
Warning,Unspecified,,BingMaps/v8-web-control/map-control-concepts/spatial-data-services-module-examples/query-api/find-by-property-example.md,Invalid file link:(~/v8-web-control/map-control-concepts/spatial-data-services-module-examples/spatial-data-services/navteqna.md).,BuildCore.Build Document.LinkPhaseHandlerWithIncremental.ConceptualDocumentProcessor.Save,68,2018-11-27T19:57:14.4334911Z,
Warning,Unspecified,,BingMaps/v8-web-control/map-control-concepts/spatial-data-services-module-examples/query-api/find-by-property-example.md,Invalid file link:(~/v8-web-control/map-control-concepts/spatial-data-services-module-examples/media/bmv8-findbypropertyexample.PNG).,BuildCore.Build Document.LinkPhaseHandlerWithIncremental.ConceptualDocumentProcessor.Save,70,2018-11-27T19:57:14.4334911Z,
Warning,Unspecified,,BingMaps/v8-web-control/map-control-concepts/spatial-data-services-module-examples/query-api/find-nearby-example.md,Invalid file link:(~/v8-web-control/map-control-concepts/spatial-data-services-module-examples/spatial-data-services/navteqna.md).,BuildCore.Build Document.LinkPhaseHandlerWithIncremental.ConceptualDocumentProcessor.Save,17,2018-11-27T19:57:14.4334911Z,
Warning,Unspecified,,BingMaps/v8-web-control/map-control-concepts/spatial-data-services-module-examples/query-api/find-nearby-example.md,Invalid file link:(~/v8-web-control/map-control-concepts/spatial-data-services-module-examples/media/bmv8-basicfindnearbyexample.png).,BuildCore.Build Document.LinkPhaseHandlerWithIncremental.ConceptualDocumentProcessor.Save,77,2018-11-27T19:57:14.4334911Z,
Warning,Unspecified,,BingMaps/v8-web-control/modules/data-binning-module/databintype-enumeration.md,Invalid file link:(~/v8-web-control/modules/media/bmv8-hexdatabin.PNG).,BuildCore.Build Document.LinkPhaseHandlerWithIncremental.ConceptualDocumentProcessor.Save,22,2018-11-27T19:57:14.4334911Z,
Warning,Unspecified,,BingMaps/v8-web-control/modules/data-binning-module/databintype-enumeration.md,Invalid file link:(~/v8-web-control/modules/media/bmv8-circledatabin.PNG).,BuildCore.Build Document.LinkPhaseHandlerWithIncremental.ConceptualDocumentProcessor.Save,21,2018-11-27T19:57:14.4334911Z,
Warning,Unspecified,,BingMaps/v8-web-control/modules/data-binning-module/databintype-enumeration.md,Invalid file link:(~/v8-web-control/modules/media/bmv8-hexcircledatabin.PNG).,BuildCore.Build Document.LinkPhaseHandlerWithIncremental.ConceptualDocumentProcessor.Save,23,2018-11-27T19:57:14.4334911Z,
Warning,Unspecified,,BingMaps/v8-web-control/modules/data-binning-module/databintype-enumeration.md,Invalid file link:(~/v8-web-control/modules/media/bmv8-squaredatabin.PNG).,BuildCore.Build Document.LinkPhaseHandlerWithIncremental.ConceptualDocumentProcessor.Save,25,2018-11-27T19:57:14.4334911Z,
Warning,Unspecified,,BingMaps/v8-web-control/modules/data-binning-module/databintype-enumeration.md,Invalid file link:(~/v8-web-control/modules/media/bmv8-pointyhexdatabin.PNG).,BuildCore.Build Document.LinkPhaseHandlerWithIncremental.ConceptualDocumentProcessor.Save,24,2018-11-27T19:57:14.4334911Z,
Warning,Unspecified,,BingMaps/v8-web-control/modules/spatial-math-module/bufferendcap-enumeration.md,Invalid file link:(~/v8-web-control/modules/media/bmv8-bufferendcaps.png).,BuildCore.Build Document.LinkPhaseHandlerWithIncremental.ConceptualDocumentProcessor.Save,27,2018-11-27T19:57:14.4334911Z,
Warning,Unspecified,,BingMaps/v8-web-control/map-control-concepts/pushpins/changing-the-color-of-the-default-pushpin.md,Invalid file link:(~/v8-web-control/map-control-concepts/media/bmv8-changepushpincolor.png).,BuildCore.Build Document.LinkPhaseHandlerWithIncremental.ConceptualDocumentProcessor.Save,53,2018-11-27T19:57:14.4334911Z,
Warning,Unspecified,,BingMaps/v8-web-control/map-control-concepts/pushpins/custom-svg-file-pushpin-example.md,Invalid file link:(~/v8-web-control/map-control-concepts/media/bmv8-custompushpinusingsvgexample-cylinder.png).,BuildCore.Build Document.LinkPhaseHandlerWithIncremental.ConceptualDocumentProcessor.Save,37,2018-11-27T19:57:14.4334911Z,
Warning,Unspecified,,BingMaps/v8-web-control/map-control-concepts/pushpins/custom-svg-file-pushpin-example.md,Invalid file link:(~/v8-web-control/map-control-concepts/media/bmv8-customsvgpushpin.png).,BuildCore.Build Document.LinkPhaseHandlerWithIncremental.ConceptualDocumentProcessor.Save,73,2018-11-27T19:57:14.4334911Z,
Warning,Unspecified,,BingMaps/v8-web-control/map-control-concepts/spatial-data-services-module-examples/filter-example.md,Invalid file link:(~/v8-web-control/map-control-concepts/media/bmv8-filterexample.PNG).,BuildCore.Build Document.LinkPhaseHandlerWithIncremental.ConceptualDocumentProcessor.Save,142,2018-11-27T19:57:14.4334911Z,
Warning,Unspecified,,BingMaps/v8-web-control/map-control-concepts/spatial-data-services-module-examples/geodata-api/search-boundary-example.md,Invalid file link:(~/v8-web-control/map-control-concepts/spatial-data-services-module-examples/media/bmv8-geodataboundarysearch.png).,BuildCore.Build Document.LinkPhaseHandlerWithIncremental.ConceptualDocumentProcessor.Save,124,2018-11-27T19:57:14.4334911Z,
Warning,Unspecified,,BingMaps/v8-web-control/map-control-concepts/spatial-data-services-module-examples/query-api/along-a-route-search.md,Invalid file link:(~/v8-web-control/map-control-concepts/spatial-data-services-module-examples/media/bmv8-findalongrouteexample.PNG).,BuildCore.Build Document.LinkPhaseHandlerWithIncremental.ConceptualDocumentProcessor.Save,177,2018-11-27T19:57:14.4334911Z,
Warning,Unspecified,,BingMaps/v8-web-control/map-control-concepts/spatial-data-services-module-examples/query-api/paged-search-results-example.md,Invalid file link:(~/v8-web-control/map-control-concepts/spatial-data-services-module-examples/media/bmv8-pagednearbyresultsexample.png).,BuildCore.Build Document.LinkPhaseHandlerWithIncremental.ConceptualDocumentProcessor.Save,164,2018-11-27T19:57:14.4334911Z,
Warning,Unspecified,,BingMaps/v8-web-control/map-control-concepts/spatial-math-module-examples/basic-core-spatial-math-example.md,Invalid file link:(~/v8-web-control/map-control-concepts/media/bmv8-spatialmathbasics.PNG).,BuildCore.Build Document.LinkPhaseHandlerWithIncremental.ConceptualDocumentProcessor.Save,82,2018-11-27T19:57:14.4334911Z,
Warning,Unspecified,,BingMaps/v8-web-control/modules/spatial-data-service-module/geodataapimanager-class.md,Invalid file link:(~/v8-web-control/modules/spatial-data-services/geodata-api.md).,BuildCore.Build Document.LinkPhaseHandlerWithIncremental.ConceptualDocumentProcessor.Save,17,2018-11-27T19:57:14.4334911Z,
Warning,Unspecified,,BingMaps/v8-web-control/modules/spatial-data-service-module/geodataapimanager-class.md,Invalid file link:(~/v8-web-control/modules/rest-services/index.md).,BuildCore.Build Document.LinkPhaseHandlerWithIncremental.ConceptualDocumentProcessor.Save,51,2018-11-27T19:57:14.4334911Z,
Warning,Unspecified,,BingMaps/v8-web-control/modules/spatial-data-service-module/geodataprimitive-object.md,Invalid file link:(~/v8-web-control/modules/spatial-data-services/geodata-api.md).,BuildCore.Build Document.LinkPhaseHandlerWithIncremental.ConceptualDocumentProcessor.Save,17,2018-11-27T19:57:14.4334911Z,
Warning,Unspecified,,BingMaps/v8-web-control/modules/spatial-data-service-module/queryapimanager-class.md,Invalid file link:(~/v8-web-control/modules/spatial-data-services/query-api.md).,BuildCore.Build Document.LinkPhaseHandlerWithIncremental.ConceptualDocumentProcessor.Save,17,2018-11-27T19:57:14.449116Z,
